iter	Logloss
0	0.505375486
1	0.3717799285
2	0.2846258223
